<linker>
  <assembly fullname="Assembly-CSharp, Version=0.0.0.0, Culture=neutral, PublicKeyToken=null">
    <type fullname="EnhancedUI.EnhancedScroller.EnhancedScroller" preserve="all" />
    <type fullname="GameLogic.Runtime.AchievementDataSo" preserve="all" />
    <type fullname="GameLogic.Runtime.AchievementScrollDelegate" preserve="all" />
    <type fullname="GameLogic.Runtime.AchievementUI" preserve="all" />
    <type fullname="GameLogic.Runtime.BattleUI" preserve="all" />
    <type fullname="GameLogic.Runtime.Belong" preserve="all" />
    <type fullname="GameLogic.Runtime.BuffDataSo" preserve="all" />
    <type fullname="GameLogic.Runtime.Bullet_2002" preserve="all" />
    <type fullname="GameLogic.Runtime.EchoNetPlayerCtrl" preserve="all" />
    <type fullname="GameLogic.Runtime.FailUI" preserve="all" />
    <type fullname="GameLogic.Runtime.ItemDataSo" preserve="all" />
    <type fullname="GameLogic.Runtime.LevelRewardUI" preserve="all" />
    <type fullname="GameLogic.Runtime.LobbyItem" preserve="all" />
    <type fullname="GameLogic.Runtime.LobbyScrollerDelegate" preserve="all" />
    <type fullname="GameLogic.Runtime.LobbyUI" preserve="all" />
    <type fullname="GameLogic.Runtime.RewardDataSo" preserve="all" />
    <type fullname="GameLogic.Runtime.RewardItem" preserve="all" />
    <type fullname="GameLogic.Runtime.RoomItem" preserve="all" />
    <type fullname="GameLogic.Runtime.RoomScrollerDelegate" preserve="all" />
    <type fullname="GameLogic.Runtime.RoomUI" preserve="all" />
    <type fullname="GameLogic.Runtime.ShopItem" preserve="all" />
    <type fullname="GameLogic.Runtime.ShopItemDataSo" preserve="all" />
    <type fullname="GameLogic.Runtime.Skill_1001" preserve="all" />
    <type fullname="GameLogic.Runtime.Skill_2001" preserve="all" />
    <type fullname="GameLogic.Runtime.Skill_2002" preserve="all" />
    <type fullname="GameLogic.Runtime.SkillDataSo" preserve="all" />
    <type fullname="GameLogic.Runtime.UI.AchievementUI.AchievementCellView" preserve="all" />
    <type fullname="GameLogic.Runtime.WinUI" preserve="all" />
    <type fullname="PlayerAnimationTriggers" preserve="all" />
    <type fullname="Ricimi.CleanButton" preserve="all" />
    <type fullname="Ricimi.CleanButtonConfig" preserve="all" />
  </assembly>
  <assembly fullname="Mirror, Version=0.0.0.0, Culture=neutral, PublicKeyToken=null">
    <type fullname="Mirror.NetworkIdentity" preserve="all" />
  </assembly>
  <assembly fullname="Mirror.Components, Version=0.0.0.0, Culture=neutral, PublicKeyToken=null">
    <type fullname="Mirror.NetworkAnimator" preserve="all" />
    <type fullname="Mirror.NetworkTransformUnreliable" preserve="all" />
  </assembly>
  <assembly fullname="Unity.Addressables, Version=0.0.0.0, Culture=neutral, PublicKeyToken=null" preserve="all">
    <type fullname="UnityEngine.AddressableAssets.Addressables" preserve="all" />
  </assembly>
  <assembly fullname="Unity.ResourceManager, Version=0.0.0.0, Culture=neutral, PublicKeyToken=null" preserve="all">
    <type fullname="UnityEngine.ResourceManagement.ResourceProviders.AssetBundleProvider" preserve="all" />
    <type fullname="UnityEngine.ResourceManagement.ResourceProviders.BundledAssetProvider" preserve="all" />
    <type fullname="UnityEngine.ResourceManagement.ResourceProviders.InstanceProvider" preserve="all" />
    <type fullname="UnityEngine.ResourceManagement.ResourceProviders.LegacyResourcesProvider" preserve="all" />
    <type fullname="UnityEngine.ResourceManagement.ResourceProviders.SceneProvider" preserve="all" />
  </assembly>
  <assembly fullname="Unity.TextMeshPro, Version=0.0.0.0, Culture=neutral, PublicKeyToken=null">
    <type fullname="TMPro.TextMeshProUGUI" preserve="all" />
    <type fullname="TMPro.TMP_FontAsset" preserve="all" />
    <type fullname="TMPro.TMP_InputField" preserve="all" />
    <type fullname="TMPro.FaceInfo_Legacy" preserve="nothing" serialized="true" />
    <type fullname="TMPro.FontAssetCreationSettings" preserve="nothing" serialized="true" />
    <type fullname="TMPro.KerningTable" preserve="nothing" serialized="true" />
    <type fullname="TMPro.TMP_Character" preserve="nothing" serialized="true" />
    <type fullname="TMPro.TMP_FontFeatureTable" preserve="nothing" serialized="true" />
    <type fullname="TMPro.TMP_FontWeightPair" preserve="nothing" serialized="true" />
    <type fullname="TMPro.TMP_GlyphAdjustmentRecord" preserve="nothing" serialized="true" />
    <type fullname="TMPro.TMP_GlyphPairAdjustmentRecord" preserve="nothing" serialized="true" />
    <type fullname="TMPro.TMP_GlyphValueRecord" preserve="nothing" serialized="true" />
    <type fullname="TMPro.TMP_InputField/OnChangeEvent" preserve="nothing" serialized="true" />
    <type fullname="TMPro.TMP_InputField/SelectionEvent" preserve="nothing" serialized="true" />
    <type fullname="TMPro.TMP_InputField/SubmitEvent" preserve="nothing" serialized="true" />
    <type fullname="TMPro.TMP_InputField/TextSelectionEvent" preserve="nothing" serialized="true" />
    <type fullname="TMPro.TMP_InputField/TouchScreenKeyboardEvent" preserve="nothing" serialized="true" />
    <type fullname="TMPro.VertexGradient" preserve="nothing" serialized="true" />
  </assembly>
  <assembly fullname="UnityEngine.AnimationModule, Version=0.0.0.0, Culture=neutral, PublicKeyToken=null">
    <type fullname="UnityEngine.AnimationClip" preserve="all" />
    <type fullname="UnityEngine.Animator" preserve="all" />
    <type fullname="UnityEngine.RuntimeAnimatorController" preserve="all" />
  </assembly>
  <assembly fullname="UnityEngine.AudioModule, Version=0.0.0.0, Culture=neutral, PublicKeyToken=null">
    <type fullname="UnityEngine.AudioClip" preserve="all" />
    <type fullname="UnityEngine.AudioSource" preserve="all" />
  </assembly>
  <assembly fullname="UnityEngine.CoreModule, Version=0.0.0.0, Culture=neutral, PublicKeyToken=null">
    <type fullname="UnityEngine.GameObject" preserve="all" />
    <type fullname="UnityEngine.Material" preserve="all" />
    <type fullname="UnityEngine.Object" preserve="all" />
    <type fullname="UnityEngine.RectTransform" preserve="all" />
    <type fullname="UnityEngine.Shader" preserve="all" />
    <type fullname="UnityEngine.Sprite" preserve="all" />
    <type fullname="UnityEngine.SpriteRenderer" preserve="all" />
    <type fullname="UnityEngine.Texture2D" preserve="all" />
    <type fullname="UnityEngine.Transform" preserve="all" />
    <type fullname="UnityEngine.Events.ArgumentCache" preserve="nothing" serialized="true" />
    <type fullname="UnityEngine.Events.PersistentCallGroup" preserve="nothing" serialized="true" />
    <type fullname="UnityEngine.Events.PersistentListenerMode" preserve="nothing" serialized="true" />
    <type fullname="UnityEngine.RectOffset" preserve="nothing" serialized="true" />
  </assembly>
  <assembly fullname="UnityEngine.Physics2DModule, Version=0.0.0.0, Culture=neutral, PublicKeyToken=null">
    <type fullname="UnityEngine.BoxCollider2D" preserve="all" />
    <type fullname="UnityEngine.CapsuleCollider2D" preserve="all" />
    <type fullname="UnityEngine.PhysicsMaterial2D" preserve="all" />
    <type fullname="UnityEngine.Rigidbody2D" preserve="all" />
  </assembly>
  <assembly fullname="UnityEngine.TextRenderingModule, Version=0.0.0.0, Culture=neutral, PublicKeyToken=null">
    <type fullname="UnityEngine.Font" preserve="all" />
  </assembly>
  <assembly fullname="UnityEngine.UI, Version=1.0.0.0, Culture=neutral, PublicKeyToken=null">
    <type fullname="UnityEngine.UI.Button" preserve="all" />
    <type fullname="UnityEngine.UI.HorizontalLayoutGroup" preserve="all" />
    <type fullname="UnityEngine.UI.Image" preserve="all" />
    <type fullname="UnityEngine.UI.Mask" preserve="all" />
    <type fullname="UnityEngine.UI.RectMask2D" preserve="all" />
    <type fullname="UnityEngine.UI.ScrollRect" preserve="all" />
    <type fullname="UnityEngine.UI.AnimationTriggers" preserve="nothing" serialized="true" />
    <type fullname="UnityEngine.UI.Button/ButtonClickedEvent" preserve="nothing" serialized="true" />
    <type fullname="UnityEngine.UI.ColorBlock" preserve="nothing" serialized="true" />
    <type fullname="UnityEngine.UI.MaskableGraphic/CullStateChangedEvent" preserve="nothing" serialized="true" />
    <type fullname="UnityEngine.UI.Navigation" preserve="nothing" serialized="true" />
    <type fullname="UnityEngine.UI.ScrollRect/ScrollRectEvent" preserve="nothing" serialized="true" />
    <type fullname="UnityEngine.UI.SpriteState" preserve="nothing" serialized="true" />
  </assembly>
  <assembly fullname="UnityEngine.UIModule, Version=0.0.0.0, Culture=neutral, PublicKeyToken=null">
    <type fullname="UnityEngine.CanvasGroup" preserve="all" />
    <type fullname="UnityEngine.CanvasRenderer" preserve="all" />
  </assembly>
  <assembly fullname="UnityEngine.TextCoreFontEngineModule">
    <type fullname="UnityEngine.TextCore.FaceInfo" preserve="nothing" serialized="true" />
    <type fullname="UnityEngine.TextCore.Glyph" preserve="nothing" serialized="true" />
    <type fullname="UnityEngine.TextCore.GlyphMetrics" preserve="nothing" serialized="true" />
    <type fullname="UnityEngine.TextCore.GlyphRect" preserve="nothing" serialized="true" />
  </assembly>
</linker>